Mozilla/5.0 (Windows NT 10.0; WOW64) AppleWebKit/537.36 (KHTML like Gecko) Chrome/106.0.0.0 Safari/537.36,2022-10-29T03:19:21.281Z,GET,/,HTTP/1.1,200
node-superagent/3.8.3,2022-10-29T03:21:27.729Z,GET,/,HTTP/1.1,200
node-superagent/3.8.3,2022-10-29T03:21:27.740Z,GET,/,HTTP/1.1,200
node-superagent/3.8.3,2022-10-29T03:21:27.745Z,GET,/,HTTP/1.1,200
node-superagent/3.8.3,2022-10-29T03:21:27.750Z,GET,/,HTTP/1.1,200
node-superagent/3.8.3,2022-10-29T03:21:27.754Z,GET,/,HTTP/1.1,200
node-superagent/3.8.3,2022-10-29T03:21:27.758Z,GET,/,HTTP/1.1,200
node-superagent/3.8.3,2022-10-29T03:21:27.761Z,GET,/,HTTP/1.1,200
node-superagent/3.8.3,2022-10-29T03:21:27.765Z,GET,/,HTTP/1.1,200
node-superagent/3.8.3,2022-10-29T04:27:19.265Z,GET,/,HTTP/1.1,200
node-superagent/3.8.3,2022-10-29T04:27:19.285Z,GET,/,HTTP/1.1,200
node-superagent/3.8.3,2022-10-29T04:27:19.291Z,GET,/,HTTP/1.1,200
node-superagent/3.8.3,2022-10-29T04:27:19.297Z,GET,/,HTTP/1.1,200
node-superagent/3.8.3,2022-10-29T04:27:19.302Z,GET,/,HTTP/1.1,200
node-superagent/3.8.3,2022-10-29T04:27:19.306Z,GET,/,HTTP/1.1,200
node-superagent/3.8.3,2022-10-29T04:27:19.310Z,GET,/,HTTP/1.1,200
node-superagent/3.8.3,2022-10-29T04:27:19.314Z,GET,/,HTTP/1.1,200
